{
    "c_epsilon": 1.5105551130893317e-05,
    "c_gr_max": 7.613432564285535e-06,
    "c_b": 0.7999999779324364,
    "c_resp_sht": 2.4408521593159205e-07,
    "c_a": 0.6799998213781807,
    "c_lar": 0.04999802573542007,
    "c_R": 40.000000213786606,
    "g_bnd": 0.006999859063789936,
    "g_stm": 0.0049995397107782365,
    "c_car_1": -1.5595365657097383e-05,
    "c_car_2": 0.0005573358974990143,
    "c_car_3": -0.0026406924222652536
}